<?xml version="1.0" encoding="UTF-8"?>
<project-private xmlns="http://www.netbeans.org/ns/project-private/1">
    <editor-bookmarks xmlns="http://www.netbeans.org/ns/editor-bookmarks/2" lastBookmarkId="1">
        <file>
            <url>src/register.java</url>
            <bookmark id="1">
                <name/>
                <line>191</line>
                <key/>
            </bookmark>
        </file>
    </editor-bookmarks>
    <open-files xmlns="http://www.netbeans.org/ns/projectui-open-files/2">
        <group>
            <file>file:/C:/Users/USER/Desktop/Bug%20Tracking%20System-20201105T170346Z-001/Bug%20Tracking%20System/src/Database_read_write.java</file>
            <file>file:/C:/Users/USER/Desktop/Bug%20Tracking%20System-20201105T170346Z-001/Bug%20Tracking%20System/src/register.java</file>
            <file>file:/C:/Users/USER/Desktop/Bug%20Tracking%20System-20201105T170346Z-001/Bug%20Tracking%20System/src/login.java</file>
            <file>file:/C:/Users/USER/Desktop/Bug%20Tracking%20System-20201105T170346Z-001/Bug%20Tracking%20System/src/ProjectsOverView.java</file>
            <file>file:/C:/Users/USER/Desktop/Bug%20Tracking%20System-20201105T170346Z-001/Bug%20Tracking%20System/src/UpdateEmployee.java</file>
            <file>file:/C:/Users/USER/Desktop/Bug%20Tracking%20System-20201105T170346Z-001/Bug%20Tracking%20System/src/ManagerHomePage.java</file>
            <file>file:/C:/Users/USER/Desktop/Bug%20Tracking%20System-20201105T170346Z-001/Bug%20Tracking%20System/src/AddNewProject.java</file>
            <file>file:/C:/Users/USER/Desktop/Bug%20Tracking%20System-20201105T170346Z-001/Bug%20Tracking%20System/src/HomeEmployee.java</file>
        </group>
    </open-files>
</project-private>
